"ProductName","ID","tblProductCategory_ID"
"All-Purpose Bike Stand",1,3
"AWC Logo Cap",2,7
"Bike Wash - Dissolver",3,9
"Cable Lock",4,20
"Chain",5,8
"Classic Vest, L",6,34
"Classic Vest, M",7,34
"Classic Vest, S",8,34
"Fender Set - Mountain",9,12
"Front Brakes",10,6
"Front Derailleur",11,11
"Full-Finger Gloves, L",12,14
"Full-Finger Gloves, M",13,14
"Full-Finger Gloves, S",14,14
"Half-Finger Gloves, L",15,14
"Half-Finger Gloves, M",16,14
"Half-Finger Gloves, S",17,14
"Hitch Rack - 4-Bike",18,2
"HL Bottom Bracket",19,5
"HL Crankset",20,10
"HL Fork",21,13
"HL Headset",22,16
"HL Mountain Frame - Black, 38",23,22
"HL Mountain Frame - Black, 42",24,22
"HL Mountain Frame - Black, 48",25,22
"HL Mountain Frame - Silver, 38",26,22
"HL Mountain Frame - Silver, 46",27,22
"HL Mountain Frame - Silver, 48",28,22
"HL Mountain Pedal",29,23
"HL Mountain Rear Wheel",30,35
"HL Mountain Seat/Saddle",31,27
"HL Mountain Tire",32,31
"HL Road Front Wheel",33,35
"HL Road Pedal",34,23
"HL Road Tire",35,31
"HL Touring Frame - Blue, 54",36,33
"HL Touring Frame - Blue, 60",37,33
"HL Touring Frame - Yellow, 54",38,33
"HL Touring Frame - Yellow, 60",39,33
"HL Touring Seat/Saddle",40,27
"Hydration Pack - 70 oz.",41,18
"LL Crankset",42,10
"LL Mountain Frame - Black, 42",43,22
"LL Mountain Frame - Black, 44",44,22
"LL Mountain Frame - Silver, 40",45,22
"LL Mountain Frame - Silver, 42",46,22
"LL Mountain Frame - Silver, 52",47,22
"LL Mountain Front Wheel",48,35
"LL Mountain Handlebars",49,15
"LL Mountain Tire",50,31
"LL Road Frame - Black, 52",51,26
"LL Road Frame - Black, 58",52,26
"LL Road Frame - Red, 44",53,26
"LL Road Frame - Red, 48",54,26
"LL Road Frame - Red, 60",55,26
"LL Road Frame - Red, 62",56,26
"LL Road Pedal",57,23
"LL Road Rear Wheel",58,35
"LL Road Tire",59,31
"LL Touring Frame - Blue, 50",60,33
"LL Touring Frame - Blue, 54",61,33
"LL Touring Frame - Yellow, 44",62,33
"LL Touring Frame - Yellow, 50",63,33
"LL Touring Frame - Yellow, 62",64,33
"Long-Sleeve Logo Jersey, L",65,19
"Long-Sleeve Logo Jersey, M",66,19
"Long-Sleeve Logo Jersey, S",67,19
"Long-Sleeve Logo Jersey, XL",68,19
"Men's Bib-Shorts, L",69,1
"Men's Bib-Shorts, M",70,1
"Men's Bib-Shorts, S",71,1
"Men's Sports Shorts, L",72,28
"Men's Sports Shorts, M",73,28
"Men's Sports Shorts, S",74,28
"Minipump",75,24
"ML Headset",76,16
"ML Mountain Frame - Black, 38",77,22
"ML Mountain Frame - Black, 44",78,22
"ML Mountain Frame - Black, 48",79,22
"ML Mountain Frame-W - Silver, 40",80,22
"ML Mountain Frame-W - Silver, 42",81,22
"ML Mountain Handlebars",82,15
"ML Mountain Rear Wheel",83,35
"ML Mountain Seat/Saddle",84,27
"ML Mountain Tire",85,31
"ML Road Frame - Red, 48",86,26
"ML Road Frame-W - Yellow, 38",87,26
"ML Road Frame-W - Yellow, 44",88,26
"ML Road Frame-W - Yellow, 48",89,26
"ML Road Pedal",90,23
"ML Road Tire",91,31
"Mountain Bike Socks, M",92,29
"Mountain Bottle Cage",93,4
"Mountain Tire Tube",94,31
"Mountain-100 Black, 38",95,21
"Mountain-100 Black, 42",96,21
"Mountain-100 Black, 44",97,21
"Mountain-100 Black, 48",98,21
"Mountain-100 Silver, 38",99,21
"Mountain-100 Silver, 42",100,21
"Mountain-100 Silver, 44",101,21
"Mountain-100 Silver, 48",102,21
"Mountain-200 Black, 38",103,21
"Mountain-200 Black, 42",104,21
"Mountain-200 Black, 46",105,21
"Mountain-200 Silver, 38",106,21
"Mountain-200 Silver, 42",107,21
"Mountain-200 Silver, 46",108,21
"Mountain-300 Black, 38",109,21
"Mountain-300 Black, 40",110,21
"Mountain-300 Black, 44",111,21
"Mountain-300 Black, 48",112,21
"Mountain-400-W Silver, 38",113,21
"Mountain-400-W Silver, 40",114,21
"Mountain-400-W Silver, 42",115,21
"Mountain-400-W Silver, 46",116,21
"Mountain-500 Black, 40",117,21
"Mountain-500 Black, 42",118,21
"Mountain-500 Black, 44",119,21
"Mountain-500 Black, 48",120,21
"Mountain-500 Black, 52",121,21
"Mountain-500 Silver, 40",122,21
"Mountain-500 Silver, 42",123,21
"Mountain-500 Silver, 44",124,21
"Mountain-500 Silver, 48",125,21
"Mountain-500 Silver, 52",126,21
"Patch Kit/8 Patches",127,31
"Racing Socks, L",128,29
"Racing Socks, M",129,29
"Road Bottle Cage",130,4
"Road Tire Tube",131,31
"Road-150 Red, 44",132,25
"Road-150 Red, 48",133,25
"Road-150 Red, 52",134,25
"Road-150 Red, 56",135,25
"Road-150 Red, 62",136,25
"Road-250 Black, 44",137,25
"Road-250 Black, 48",138,25
"Road-250 Black, 52",139,25
"Road-250 Black, 58",140,25
"Road-250 Red, 44",141,25
"Road-250 Red, 48",142,25
"Road-250 Red, 52",143,25
"Road-250 Red, 58",144,25
"Road-350-W Yellow, 40",145,25
"Road-350-W Yellow, 42",146,25
"Road-350-W Yellow, 44",147,25
"Road-350-W Yellow, 48",148,25
"Road-450 Red, 44",149,25
"Road-450 Red, 48",150,25
"Road-450 Red, 52",151,25
"Road-450 Red, 58",152,25
"Road-450 Red, 60",153,25
"Road-550-W Yellow, 38",154,25
"Road-550-W Yellow, 40",155,25
"Road-550-W Yellow, 42",156,25
"Road-550-W Yellow, 44",157,25
"Road-550-W Yellow, 48",158,25
"Road-650 Black, 44",159,25
"Road-650 Black, 48",160,25
"Road-650 Black, 52",161,25
"Road-650 Black, 58",162,25
"Road-650 Black, 60",163,25
"Road-650 Black, 62",164,25
"Road-650 Red, 44",165,25
"Road-650 Red, 48",166,25
"Road-650 Red, 52",167,25
"Road-650 Red, 58",168,25
"Road-650 Red, 60",169,25
"Road-650 Red, 62",170,25
"Road-750 Black, 44",171,25
"Road-750 Black, 48",172,25
"Road-750 Black, 52",173,25
"Road-750 Black, 58",174,25
"Short-Sleeve Classic Jersey, L",175,19
"Short-Sleeve Classic Jersey, M",176,19
"Short-Sleeve Classic Jersey, S",177,19
"Short-Sleeve Classic Jersey, XL",178,19
"Sport-100 Helmet, Black",179,17
"Sport-100 Helmet, Blue",180,17
"Sport-100 Helmet, Red",181,17
"Touring Tire",182,31
"Touring Tire Tube",183,31
"Touring-1000 Blue, 46",184,32
"Touring-1000 Blue, 50",185,32
"Touring-1000 Blue, 54",186,32
"Touring-1000 Blue, 60",187,32
"Touring-1000 Yellow, 46",188,32
"Touring-1000 Yellow, 50",189,32
"Touring-1000 Yellow, 54",190,32
"Touring-1000 Yellow, 60",191,32
"Touring-2000 Blue, 46",192,32
"Touring-2000 Blue, 50",193,32
"Touring-2000 Blue, 54",194,32
"Touring-2000 Blue, 60",195,32
"Touring-3000 Blue, 44",196,32
"Touring-3000 Blue, 50",197,32
"Touring-3000 Blue, 54",198,32
"Touring-3000 Blue, 58",199,32
"Touring-3000 Blue, 62",200,32
"Touring-3000 Yellow, 44",201,32
"Touring-3000 Yellow, 50",202,32
"Touring-3000 Yellow, 54",203,32
"Touring-3000 Yellow, 58",204,32
"Touring-3000 Yellow, 62",205,32
"Water Bottle - 30 oz.",206,4
"Women's Mountain Shorts, L",207,28
"Women's Mountain Shorts, M",208,28
"Women's Mountain Shorts, S",209,28
"Women's Tights, L",210,30
"Women's Tights, S",211,30
"HL Mountain Frame - Black, 44",658,22
"HL Mountain Frame - Silver, 42",661,22
"HL Mountain Front Wheel",664,35
"HL Mountain Handlebars",665,15
"HL Road Frame - Black, 44",670,26
"HL Road Frame - Red, 44",671,26
"HL Road Frame - Red, 62",672,26
"HL Road Handlebars",674,15
"HL Road Seat/Saddle",676,27
"HL Touring Frame - Blue, 46",678,33
"HL Touring Frame - Blue, 50",679,33
"HL Touring Frame - Yellow, 46",682,33
"HL Touring Handlebars",685,15
"LL Bottom Bracket",688,5
"LL Fork",690,13
"LL Mountain Frame - Black, 48",693,22
"LL Mountain Frame - Silver, 44",696,22
"LL Mountain Pedal",700,23
"LL Mountain Rear Wheel",701,35
"LL Mountain Seat/Saddle",702,27
"LL Road Frame - Black, 44",704,26
"LL Road Frame - Red, 52",709,26
"ML Mountain Frame-W - Silver, 46",737,22
"ML Mountain Front Wheel",738,35
"ML Mountain Pedal",740,23
"ML Road Frame - Red, 52",745,26
"ML Road Frame-W - Yellow, 40",747,26
"ML Road Front Wheel",750,35
"Mountain Bike Socks, L",753,29
"Rear Brakes",792,6
"Rear Derailleur",793,11
"Women's Tights, M",875,30
"HL Touring Frame - Yellow, 50",926,33
"ML Touring Seat/Saddle",997,27
"Touring Pedal",1091,23
"HL Road Frame - Black, 48",1405,26
"HL Road Frame - Red, 48",1407,26
"HL Road Rear Wheel",1412,35
"LL Headset",1429,16
"LL Mountain Frame - Black, 40",1430,22
"LL Mountain Frame - Black, 52",1434,22
"LL Mountain Frame - Silver, 48",1438,22
"LL Road Frame - Black, 60",1449,26
"LL Road Handlebars",1455,15
"LL Road Seat/Saddle",1458,27
"LL Touring Frame - Blue, 44",1460,33
"LL Touring Frame - Blue, 62",1463,33
"LL Touring Frame - Yellow, 58",1466,33
"LL Touring Handlebars",1468,15
"LL Touring Seat/Saddle",1469,27
"ML Crankset",1481,10
"ML Mountain Frame - Black, 40",1484,22
"ML Mountain Frame-W - Silver, 38",1487,22
"ML Road Rear Wheel",1505,35
"LL Touring Frame - Blue, 58",1725,33
