"ProductCategory","ID"
"Bib-Shorts",1
"Bike Racks",2
"Bike Stands",3
"Bottles and Cages",4
"Bottom Brackets",5
"Brakes",6
"Caps",7
"Chains",8
"Cleaners",9
"Cranksets",10
"Derailleurs",11
"Fenders",12
"Forks",13
"Gloves",14
"Handlebars",15
"Headsets",16
"Helmets",17
"Hydration Packs",18
"Jerseys",19
"Locks",20
"Mountain Bikes",21
"Mountain Frames",22
"Pedals",23
"Pumps",24
"Road Bikes",25
"Road Frames",26
"Saddles",27
"Shorts",28
"Socks",29
"Tights",30
"Tires and Tubes",31
"Touring Bikes",32
"Touring Frames",33
"Vests",34
"Wheels",35
